id,brand,model,engine_cc,year_or_generation,source_url
moto-125z,Italika,125Z,125,,https://www.kmmotos.com/collections/125z
moto-150z,Italika,150Z,150,,https://www.kmmotos.com/collections/150z
moto-250z,Italika,250Z,250,,https://www.kmmotos.com/collections/250z
moto-atv150,Italika,ATV150,150,,https://www.kmmotos.com/collections/atv150
moto-atv150-sport,Italika,ATV150 Sport,150,,https://www.kmmotos.com/collections/atv150-sport
moto-atv180,Italika,ATV180,180,,https://www.kmmotos.com/collections/atv180
moto-atv200,Italika,ATV200,200,,https://www.kmmotos.com/collections/atv200
moto-atv250,Italika,ATV250,250,,https://www.kmmotos.com/collections/atv250
moto-cr5-250z,Italika,CR5-250Z,250,,https://www.kmmotos.com/collections/cr5-250z
moto-cs125,Italika,CS125,125,,https://www.kmmotos.com/collections/cs125
moto-dm125,Italika,DM125,125,,https://www.kmmotos.com/collections/dm125
moto-dm150,Italika,DM150,150,,https://www.kmmotos.com/collections/dm150
moto-dm200,Italika,DM200,200,,https://www.kmmotos.com/collections/dm200
moto-dm250,Italika,DM250,250,,https://www.kmmotos.com/collections/dm250
moto-d150,Italika,DS150,150,,https://www.kmmotos.com/collections/d150
moto-ft125,Italika,FT125,125,,https://www.kmmotos.com/collections/ft125
moto-ft150,Italika,FT150,150,,https://www.kmmotos.com/collections/ft150
moto-ft150s,Italika,FT150S,150,,https://www.kmmotos.com/collections/ft150s
moto-ft180,Italika,FT180,180,,https://www.kmmotos.com/collections/ft180
moto-ft200,Italika,FT200,200,,https://www.kmmotos.com/collections/ft200
moto-apache-rtr160,TVS,Apache RTR160,160,,https://www.kmmotos.com/collections/apache-rtr160
moto-bk150,Genesis,BK150,150,,https://www.kmmotos.com/collections/bk150
moto-boxer100,Bajaj,Boxer 100,100,,https://www.kmmotos.com/collections/boxer100
moto-boxer150,Bajaj,Boxer 150,150,,https://www.kmmotos.com/collections/boxer150
moto-boxer-bm150,Bajaj,Boxer BM150,150,,https://www.kmmotos.com/collections/boxer-bm150
moto-ct100,Bajaj,CT100,100,,https://www.kmmotos.com/collections/ct100
moto-cb190r,Honda,CB190R,190,,https://www.kmmotos.com/collections/cb190r
moto-cb200,Honda,CB200,200,,https://www.kmmotos.com/collections/cb200
moto-cb250,Honda,CB250,250,,https://www.kmmotos.com/collections/cb250
moto-cbf125,Honda,CBF125,125,,https://www.kmmotos.com/collections/cbf125
moto-cbf150,Honda,CBF150,150,,https://www.kmmotos.com/collections/cbf150
moto-cg125,Honda,CG125,125,,https://www.kmmotos.com/collections/cg125
moto-cg150,Honda,CG150,150,,https://www.kmmotos.com/collections/cg150
moto-cg200,Honda,CG200,200,,https://www.kmmotos.com/collections/cg200
moto-cgl125,Honda,CGL125,125,,https://www.kmmotos.com/collections/cgl125
moto-navi,Honda,Navi 110,110,,https://www.kmmotos.com/collections/navi
moto-zx250r,KMF,ZX250R,250,,https://www.kmmotos.com/collections/zx250r
moto-cobra125,Serpento,Cobra125,125,,https://www.kmmotos.com/collections/cobra125
moto-defender150,Serpento,Defender150,150,,https://www.kmmotos.com/collections/defender150
moto-ax100,Suzuki,AX100,100,,https://www.kmmotos.com/collections/ax100
moto-dr200,Suzuki,DR200,200,,https://www.kmmotos.com/collections/dr200
moto-en125,Suzuki,EN125,125,,https://www.kmmotos.com/collections/en125
moto-gn125-f,Suzuki,GN125-F,125,,https://www.kmmotos.com/collections/gn125-f
moto-gn125-h,Suzuki,GN125-H,125,,https://www.kmmotos.com/collections/gn125-h
moto-crux110,Yamaha,Crux 110,110,,https://www.kmmotos.com/collections/crux110
moto-dt175,Yamaha,DT175,175,,https://www.kmmotos.com/collections/dt175
moto-fz16,Yamaha,FZ16,16,,https://www.kmmotos.com/collections/fz16
moto-fz250,Yamaha,FZ250,250,,https://www.kmmotos.com/collections/fz250
moto-duke200,KTM,Duke 200,200,,https://www.kmmotos.com/collections/duke200
moto-ktm,KTM,Duke 250,250,,https://www.kmmotos.com/collections/ktm
