reference_id;sku_provisional;sku_definitivo;item_confirmado;nombre_referencia;cantidad;precio_referencia_hnl;precio_venta_hnl;precio_promo_hnl;marca_referencia;categoria_referencia;sucursales(1|2|3|T=todas);estado(disponible|agotado|promocion);destacado(si|no);imagen_autorizada(si|no);archivo_imagen;observaciones;source_name;source_url
1;PEND-001;RM-001;provisional;Filtro de aceite para Bajaj NS200 / RS200 / AS200 / Dominar 400 / Pulsar NS;;50;50;;KMS (línea propia de KM Motos);Filtros;T;disponible;no;no;;PRECIO REFERENCIAL, NO APROBADO; confirmar con el negocio.;KM Motos;https://www.kmmotos.com/products/filtro-de-aceite-ns200-rs200-as200-dominar-400-250-pulsar-n250-n160-pulsar-ns400z-ktm-duke
2;PEND-002;RM-002;provisional;Filtro de aceite para GXT / KMF / GN125 / EN125 / Gixxer 150 / RE205;;30;30;;KMS;Filtros;T;disponible;no;no;;PRECIO REFERENCIAL, NO APROBADO; confirmar con el negocio.;KM Motos;https://www.kmmotos.com/products/filtro-de-aceite-gxt200-kmf-en125-gn-125-xtm200-gn125-f-apache-dr200-an125-gixxer-150-rks-125-150-re205-kms
3;PEND-003;RM-003;provisional;Filtro de aceite para FZ250 / YZ250 / YZ450 / XTZ250 / YBR250 / R15;;25;25;;KMS;Filtros;T;disponible;no;no;;PRECIO REFERENCIAL, NO APROBADO; confirmar con el negocio.;KM Motos;https://www.kmmotos.com/products/filtro-de-aceite-fz250-yz250-yz450-xtz250-ybr250-r15-wr250-wr450-criptom-kms
4;PEND-004;RM-004;provisional;Filtro de aceite centrifugo para CG125 / HJ / XM200 / CG150 / CG200;;120;120;;Xenkai;Filtros;T;disponible;no;no;;PRECIO REFERENCIAL, NO APROBADO; confirmar con el negocio. (ficha exacta por confirmar con proveedor: XTK-XEN0131);KM Motos;https://www.kmmotos.com/collections/filtro-de-aceite-2
5;PEND-005;RM-005;provisional;Bujía NGK C7HSA;;60;60;;NGK;Bujias;T;disponible;no;no;;PRECIO REFERENCIAL, NO APROBADO; confirmar con el negocio. (SKU KM-YAB0034/KM-CAF0003);KM Motos;https://www.kmmotos.com/collections/bujia-de-motor
6;PEND-006;RM-006;provisional;Bujía NGK D8EA (candela);;60;60;;NGK;Bujias;T;disponible;no;no;;PRECIO REFERENCIAL, NO APROBADO; confirmar con el negocio. (SKU KM-FB0162/KM-CAF0002);KM Motos;https://www.kmmotos.com/collections/bujia-de-motor
7;PEND-007;RM-007;provisional;Bujía RGK CR7EA (YBR / XTZ / DS150 / AX4);;50;50;;RGK;Bujias;T;disponible;no;no;;PRECIO REFERENCIAL, NO APROBADO; confirmar con el negocio. (SKU KMS-RGK0001);KM Motos;https://www.kmmotos.com/collections/bujia-de-motor
8;PEND-008;RM-008;provisional;Bujía RGK CR9EA lateral Iridium (PS135 / PS180 / FZ16 / NS200);;120;120;;RGK (iridium);Bujias;T;disponible;no;no;;PRECIO REFERENCIAL, NO APROBADO; confirmar con el negocio. (SKU KMS-RGK0004);KM Motos;https://www.kmmotos.com/collections/bujia-de-motor
9;PEND-009;RM-009;provisional;Bujía Champion PRZ7HC-E (CR7HSA);;62.54;62.54;;Champion;Bujias;T;disponible;no;no;;PRECIO REFERENCIAL, NO APROBADO; confirmar con el negocio. VERIFICADA 2026-09-24: ficha Champion PRZ7HC-E (CR7HSA) a L/62.54.;Motofix Honduras;https://www.motofixhn.com/catalogo
10;PEND-010;RM-010;provisional;Bujía Champion RG4HC (CR8E);;71.94;71.94;;Champion;Bujias;T;disponible;no;no;;PRECIO REFERENCIAL, NO APROBADO; confirmar con el negocio. VERIFICADA 2026-09-24: ficha Champion RG4HC / CR8E a L/71.94.;Motofix Honduras;https://www.motofixhn.com/catalogo
11;PEND-011;RM-011;provisional;Pastillas de freno delanteras universales (FZ16 / NS / Pulsar / DRZ / XR150);50 pastillas (CJA 50);165.6;165.6;;por confirmar (genérica);Frenos (pastillas y discos);T;disponible;no;no;;PRECIO REFERENCIAL, NO APROBADO; confirmar con el negocio. VERIFICADA 2026-09-24: ficha "PASTILLA DE FRENO DELANTERA FZ16,2.0/NS125,160,200/PULSAR 135,150,180,200,220/DRZ400/FALCON/XR150,19 (CJA 50)" a L/165.60; el juego es de 50 pastillas (caja), no un par.:;<El negocio confirma si la presentación a publicar es la caja de 50>|Motofix Honduras;https://www.motofixhn.com/catalogo
12;PEND-012;RM-012;provisional;Pastillas de freno delanteras XL200 / PS135 / FZ / NS200;;70;70;;KMS;Frenos (pastillas y discos);T;disponible;no;no;;PRECIO REFERENCIAL, NO APROBADO; confirmar con el negocio.;KM Motos;https://www.kmmotos.com/products/pastillas-de-freno-xl200-ps135-discovery-fz-ns200-del-kms
13;PEND-013;RM-013;provisional;Pastillas de freno CBF125 / Unicorn / CBF150 / Hero125;;80;80;;KMS;Frenos (pastillas y discos);T;disponible;no;no;;PRECIO REFERENCIAL, NO APROBADO; confirmar con el negocio. (SKU KM-EP0062);KM Motos;https://www.kmmotos.com/collections/pastillas-de-freno
14;PEND-014;RM-014;provisional;Pastillas de freno DRZ400 / Falcon400 / GXT250R / ZX250R;;70;70;;KMS;Frenos (pastillas y discos);T;disponible;no;no;;PRECIO REFERENCIAL, NO APROBADO; confirmar con el negocio. (SKU KM-AP0060);KM Motos;https://www.kmmotos.com/collections/pastillas-de-freno
15;PEND-015;RM-015;provisional;Disco de freno delantero 150Z / CR1;;580;580;;por confirmar;Frenos (pastillas y discos);T;disponible;no;no;;PRECIO REFERENCIAL, NO APROBADO; confirmar con el negocio.;KM Motos;https://www.kmmotos.com/collections/disco-de-freno
16;PEND-016;RM-016;provisional;Disco de freno delantero CB190 (Honda);;680;680;;por confirmar;Frenos (pastillas y discos);T;disponible;no;no;;PRECIO REFERENCIAL, NO APROBADO; confirmar con el negocio. VERIFICADA 2026-09-24: la ficha a L/680 está AGOTADA en KM Motos; existen alternativas KMS a L/650 y Ltj a L/750. Decidir alternativa o esperar reposición.;KM Motos;https://www.kmmotos.com/collections/disco-de-freno
17;PEND-017;RM-017;provisional;Disco de freno Apache RTR 180/160;;630;630;;TVS;Frenos (pastillas y discos);T;disponible;no;no;;PRECIO REFERENCIAL, NO APROBADO; confirmar con el negocio. VERIFICADA 2026-09-24: la fuente KM Motos lista TVS (KM-ED0059); Apache RTR 160/180 es de TVS, no de Bajaj.;KM Motos;https://www.kmmotos.com/collections/disco-de-freno
18;PEND-018;RM-018;provisional;Kit de tracción catarina y cadena 14/39 para Pulsar NS200 / AS200;;1492.47;1492.47;;por confirmar;Transmisión (cadena y piñones);T;disponible;no;no;;PRECIO REFERENCIAL, NO APROBADO; confirmar con el negocio.;Motofix Honduras;https://www.motofixhn.com/producto/36JL0009
19;PEND-019;RM-019;provisional;Kit de tracción 420 (15/42, 122 eslabones) para Discover / Platina / XCD125;;414.54;414.54;;por confirmar;Transmisión (cadena y piñones);T;disponible;no;no;;PRECIO REFERENCIAL, NO APROBADO; confirmar con el negocio.;Motofix Honduras;https://www.motofixhn.com/producto/KTDISCOV-15%2F42TH-ELP
20;PEND-020;RM-020;provisional;Kit de tracción 428 (15/39, 124 eslabones) para FT150 / ET150 Cargo / Serpento / FT125;;403.87;403.87;;por confirmar;Transmisión (cadena y piñones);T;disponible;no;no;;PRECIO REFERENCIAL, NO APROBADO; confirmar con el negocio.;Motofix Honduras;https://www.motofixhn.com/producto/KTFT-15%2F39TH-ELP
21;PEND-021;RM-021;provisional;Cadena de tracción reforzada 428-124 eslabones;;211.07;211.07;;por confirmar;Transmisión (cadena y piñones);T;disponible;no;no;;PRECIO REFERENCIAL, NO APROBADO; confirmar con el negocio.;Motofix Honduras;https://www.motofixhn.com/producto/428H-124
22;PEND-022;RM-022;provisional;Llanta 100/80-17 (P99, 4PR, TT);;1028.97;1028.97;;MRF (patrón P99);Llantas;T;disponible;no;no;;PRECIO REFERENCIAL, NO APROBADO; confirmar con el negocio.;Motofix Honduras;https://www.motofixhn.com/producto/100%2F80-17+P99
23;PEND-023;RM-023;provisional;Llanta lisa 100/90-18 (P69, 6PR, TT);;1087.67;1087.67;;MRF (patrón P69);Llantas;T;disponible;no;no;;PRECIO REFERENCIAL, NO APROBADO; confirmar con el negocio.;Motofix Honduras;https://www.motofixhn.com/producto/100%2F90-18+P69
24;PEND-024;RM-024;provisional;Llanta tractora 110/100-18 (P154, 6PR, TT);;1448.59;1448.59;;MRF (patrón P154);Llantas;T;disponible;no;no;;PRECIO REFERENCIAL, NO APROBADO; confirmar con el negocio.;Motofix Honduras;https://www.motofixhn.com/producto/110%2F100-18+P154
25;PEND-025;RM-025;provisional;Set de discos de clutch (7 discos) para RE 205;;317.4;317.4;;por confirmar;Embrague y motor;T;disponible;no;no;;PRECIO REFERENCIAL, NO APROBADO; confirmar con el negocio.;Motofix Honduras;https://www.motofixhn.com/producto/165FC00375
26;PEND-026;RM-026;provisional;Set de discos de clutch (6 discos) para Pulsar UG4;;267.12;267.12;;por confirmar;Embrague y motor;T;disponible;no;no;;PRECIO REFERENCIAL, NO APROBADO; confirmar con el negocio.;Motofix Honduras;https://www.motofixhn.com/producto/520AM01928
27;PEND-027;RM-027;provisional;Árbol de levas para Pulsar 180 digital/UG3 y Pulsar 150 UG3;;634.8;634.8;;por confirmar;Embrague y motor;T;disponible;no;no;;PRECIO REFERENCIAL, NO APROBADO; confirmar con el negocio.;Motofix Honduras;https://www.motofixhn.com/producto/520AM00357
28;PEND-028;RM-028;provisional;Maletas viajeras para motos (alforjas);;1200;1200;;KMS;Accesorios e iluminación;T;disponible;no;no;;PRECIO REFERENCIAL, NO APROBADO; confirmar con el negocio. (SKU KMS-MMC0067);KM Motos;https://www.kmmotos.com/
29;PEND-029;RM-029;provisional;Capote de lluvia impermeable talla XL;;580;580;;KMS;Accesorios e iluminación;T;disponible;no;no;;PRECIO REFERENCIAL, NO APROBADO; confirmar con el negocio. (SKU KM-FC0187-3);KM Motos;https://www.kmmotos.com/
30;PEND-030;RM-030;provisional;Chaleco reflectivo;;50;50;;KMS;Accesorios e iluminación;T;disponible;no;no;;PRECIO REFERENCIAL, NO APROBADO; confirmar con el negocio. (SKU KMS-HND2192);KM Motos;https://www.kmmotos.com/
31;PEND-031;RM-031;provisional;Gafas polarizadas para casco (colores);;120;120;;KMS;Accesorios e iluminación;T;disponible;no;no;;PRECIO REFERENCIAL, NO APROBADO; confirmar con el negocio. (SKU KMS-HND0803-1);KM Motos;https://www.kmmotos.com/
32;PEND-032;RM-032;provisional;Luz LED M9 set bicolor;;580;580;;KMS;Accesorios e iluminación;T;disponible;no;no;;PRECIO REFERENCIAL, NO APROBADO; confirmar con el negocio. (SKU KMS-HND2193);KM Motos;https://www.kmmotos.com/
33;PEND-033;RM-033;provisional;Foco de stop (bombilla) S25 12V 21/5W;;15;15;;KMS;Accesorios e iluminación;T;disponible;no;no;;PRECIO REFERENCIAL, NO APROBADO; confirmar con el negocio. (SKU KMS-HND3164);KM Motos;https://www.kmmotos.com/collections/luz-de-stop
